iter	Accuracy	Logloss
0	0.7555389425	0.6656116702
500	0.806646731	0.44019084
1000	0.8404920484	0.384757564
1500	0.8669294549	0.3468073928
2000	0.8852113633	0.3153606937
2500	0.8981242354	0.2881342833
3000	0.9087943455	0.2679694245
3500	0.9191246432	0.2498185519
3999	0.9257170042	0.2349039556
