iter	Accuracy	Logloss
0	0.7593426077	0.6649521142
100	0.7654800873	0.5206745106
200	0.7761183852	0.4974157446
300	0.7843698854	0.4808136747
400	0.7932351337	0.4654633168
499	0.8015548282	0.4523190355
