iter	Logloss
0	0.6650796082
1000	0.3114907186
2000	0.2169215789
2999	0.1629437352
