iter	Logloss
0	0.6660216093
50	0.5341196319
100	0.5183533
150	0.5024219461
200	0.4872160291
250	0.4764080117
300	0.4661522786
350	0.4559142388
400	0.4484166627
450	0.4396797384
500	0.4329234457
550	0.4249086579
600	0.4184474554
650	0.412536394
700	0.4076627698
750	0.402475264
800	0.3971832606
850	0.3921374628
900	0.3871586918
950	0.3830196355
999	0.3788725338
